attr,mean
T1_V1,9.7220925900507851
T1_V10,7.020451381399635
T1_V13,13.99625482852605
T1_V14,1.5785211474734799
T1_V2,12.847585246769544
T1_V3,3.1860036471303359
T2_V1,57.580050589227241
T2_V10,4.4965195395988156
T2_V14,2.4511264926763272
T2_V15,3.4844800878448599
T2_V2,12.41961607090335
T2_V4,10.259495284221259
T2_V6,1.9482146708758996
T2_V7,33.487754661856115
T2_V8,1.0322359261946312
T2_V9,12.493029275083826
