attr,std
T1_V1,5.1679434859232751
T1_V10,3.5952788249037275
T1_V13,4.6474987646989359
T1_V14,0.86288164269613565
T1_V2,6.2557433200002421
T1_V3,1.7393689424275454
T2_V1,23.499817865939569
T2_V10,1.8967171189227074
T2_V14,1.2600739813004791
T2_V15,3.0767451566615236
T2_V2,4.7834108310747929
T2_V4,4.8520077173822749
T2_V6,0.80011660080330749
T2_V7,5.8340383464044345
T2_V8,0.19589317244836121
T2_V9,7.3147879818010155
